{
    "Primary Taillight": [
        0.662745,
        0.003922,
        0.003922,
        1.0
    ],
    "Secondary Taillight": [
        0.905882,
        0.003922,
        0.0,
        1.0
    ],
    "Primary Headlight": [
        0.486275,
        0.003922,
        0.003922,
        1.0
    ],
	    "Marker Light": [
        0.796079,
        0.003922,
        0.003922,
        1.0
    ]
}